{"format": "layers-model", "generatedBy": "keras v2.2.4-tf", "convertedBy": "TensorFlow.js Converter v3.6.0", "modelTopology": {"keras_version": "2.2.4-tf", "backend": "tensorflow", "model_config": {"class_name": "Sequential", "config": {"name": "sequential", "layers": [{"class_name": "Conv2D", "config": {"name": "conv2d", "trainable": true, "batch_input_shape": [null, 150, 150, 3], "dtype": "float32", "filters": 16, "kernel_size": [3, 3], "strides": [1, 1], "padding": "valid", "data_format": "channels_last", "dilation_rate": [1, 1], "activation": "relu", "use_bias": true, "kernel_initializer": {"class_name": "GlorotUniform", "config": {"seed": null, "dtype": "float32"}}, "bias_initializer": {"class_name": "Zeros", "config": {"dtype": "float32"}}, "kernel_regularizer": null, "bias_regularizer": null, "activity_regularizer": null, "kernel_constraint": null, "bias_constraint": null}}, {"class_name": "MaxPooling2D", "config": {"name": "max_pooling2d", "trainable": true, "dtype": "float32", "pool_size": [2, 2], "padding": "valid", "strides": [2, 2], "data_format": "channels_last"}}, {"class_name": "Conv2D", "config": {"name": "conv2d_1", "trainable": true, "dtype": "float32", "filters": 32, "kernel_size": [3, 3], "strides": [1, 1], "padding": "valid", "data_format": "channels_last", "dilation_rate": [1, 1], "activation": "relu", "use_bias": true, "kernel_initializer": {"class_name": "GlorotUniform", "config": {"seed": null, "dtype": "float32"}}, "bias_initializer": {"class_name": "Zeros", "config": {"dtype": "float32"}}, "kernel_regularizer": null, "bias_regularizer": null, "activity_regularizer": null, "kernel_constraint": null, "bias_constraint": null}}, {"class_name": "MaxPooling2D", "config": {"name": "max_pooling2d_1", "trainable": true, "dtype": "float32", "pool_size": [2, 2], "padding": "valid", "strides": [2, 2], "data_format": "channels_last"}}, {"class_name": "Conv2D", "config": {"name": "conv2d_2", "trainable": true, "dtype": "float32", "filters": 64, "kernel_size": [3, 3], "strides": [1, 1], "padding": "valid", "data_format": "channels_last", "dilation_rate": [1, 1], "activation": "relu", "use_bias": true, "kernel_initializer": {"class_name": "GlorotUniform", "config": {"seed": null, "dtype": "float32"}}, "bias_initializer": {"class_name": "Zeros", "config": {"dtype": "float32"}}, "kernel_regularizer": null, "bias_regularizer": null, "activity_regularizer": null, "kernel_constraint": null, "bias_constraint": null}}, {"class_name": "MaxPooling2D", "config": {"name": "max_pooling2d_2", "trainable": true, "dtype": "float32", "pool_size": [2, 2], "padding": "valid", "strides": [2, 2], "data_format": "channels_last"}}, {"class_name": "Flatten", "config": {"name": "flatten", "trainable": true, "dtype": "float32", "data_format": "channels_last"}}, {"class_name": "Dense", "config": {"name": "dense", "trainable": true, "dtype": "float32", "units": 512, "activation": "relu", "use_bias": true, "kernel_initializer": {"class_name": "GlorotUniform", "config": {"seed": null, "dtype": "float32"}}, "bias_initializer": {"class_name": "Zeros", "config": {"dtype": "float32"}}, "kernel_regularizer": null, "bias_regularizer": null, "activity_regularizer": null, "kernel_constraint": null, "bias_constraint": null}}, {"class_name": "Dense", "config": {"name": "dense_1", "trainable": true, "dtype": "float32", "units": 1, "activation": "sigmoid", "use_bias": true, "kernel_initializer": {"class_name": "GlorotUniform", "config": {"seed": null, "dtype": "float32"}}, "bias_initializer": {"class_name": "Zeros", "config": {"dtype": "float32"}}, "kernel_regularizer": null, "bias_regularizer": null, "activity_regularizer": null, "kernel_constraint": null, "bias_constraint": null}}]}}, "training_config": {"loss": "binary_crossentropy", "metrics": ["accuracy"], "weighted_metrics": null, "sample_weight_mode": null, "loss_weights": null, "optimizer_config": {"class_name": "RMSprop", "config": {"name": "RMSprop", "learning_rate": 0.0010000000474974513, "decay": 0.0, "rho": 0.8999999761581421, "momentum": 0.0, "epsilon": 1e-07, "centered": false}}}}, "weightsManifest": [{"paths": ["group1-shard1of10.bin", "group1-shard2of10.bin", "group1-shard3of10.bin", "group1-shard4of10.bin", "group1-shard5of10.bin", "group1-shard6of10.bin", "group1-shard7of10.bin", "group1-shard8of10.bin", "group1-shard9of10.bin", "group1-shard10of10.bin"], "weights": [{"name": "conv2d/kernel", "shape": [3, 3, 3, 16], "dtype": "float32"}, {"name": "conv2d/bias", "shape": [16], "dtype": "float32"}, {"name": "conv2d_1/kernel", "shape": [3, 3, 16, 32], "dtype": "float32"}, {"name": "conv2d_1/bias", "shape": [32], "dtype": "float32"}, {"name": "conv2d_2/kernel", "shape": [3, 3, 32, 64], "dtype": "float32"}, {"name": "conv2d_2/bias", "shape": [64], "dtype": "float32"}, {"name": "dense/kernel", "shape": [18496, 512], "dtype": "float32"}, {"name": "dense/bias", "shape": [512], "dtype": "float32"}, {"name": "dense_1/kernel", "shape": [512, 1], "dtype": "float32"}, {"name": "dense_1/bias", "shape": [1], "dtype": "float32"}]}]}